sampleid,age,sex,species,aging_method,extracted
AND42,5,M,Eidolon_dupreanum,tooth,Y
ANGB130,1,F,Eidolon_dupreanum,tooth,Y
ANGB131,1,F,Eidolon_dupreanum,tooth,Y
ANGB132,4,M,Eidolon_dupreanum,tooth,Y
CAT003,0.860273973,F,Eidolon_dupreanum,juvenile,Y
CAT017,3,F,Eidolon_dupreanum,tooth,Y
CAT018,1,F,Eidolon_dupreanum,tooth,Y
CAT019,2,M,Eidolon_dupreanum,tooth,Y
CAT021,1,F,Eidolon_dupreanum,tooth,Y
CAT026,1,F,Eidolon_dupreanum,tooth,Y
CAT027,3,M,Eidolon_dupreanum,tooth,Y
CAT028,0.967123288,F,Eidolon_dupreanum,juvenile,Y
CAT029,0.967123288,F,Eidolon_dupreanum,juvenile,Y
CAT032,4,F,Eidolon_dupreanum,tooth,Y
CAT033,0.967123288,M,Eidolon_dupreanum,juvenile,Y
CAT034,3,M,Eidolon_dupreanum,tooth,Y
CAT035,2,M,Eidolon_dupreanum,tooth,Y
CAT036,1,F,Eidolon_dupreanum,tooth,Y
CAT037,10,F,Eidolon_dupreanum,tooth,Y
KEL172,2.5,F,Eidolon_dupreanum,tooth,Y
KEL173,5.25,F,Eidolon_dupreanum,tooth,Y
KEL177,1,F,Eidolon_dupreanum,tooth,Y
KEL178,6,F,Eidolon_dupreanum,tooth,Y
KEL254,1,M,Eidolon_dupreanum,tooth,Y
KEL255,2,F,Eidolon_dupreanum,tooth,Y
KEL256,4,F,Eidolon_dupreanum,tooth,Y
KEL257,4,F,Eidolon_dupreanum,tooth,Y
KEL258,16,F,Eidolon_dupreanum,tooth,Y
KEL260,10,F,Eidolon_dupreanum,tooth,Y
KEL261,8,F,Eidolon_dupreanum,tooth,Y
KEL262,1,M,Eidolon_dupreanum,tooth,Y
KEL263,6,M,Eidolon_dupreanum,tooth,Y
KEL264,4,F,Eidolon_dupreanum,tooth,Y
KEL268B,0.320547945,M,Eidolon_dupreanum,juvenile,Y
KEL270B,0.5,F,Eidolon_dupreanum,tooth,Y
KEL275B,2,M,Eidolon_dupreanum,tooth,Y
KEL276B,2,M,Eidolon_dupreanum,tooth,Y
KEL277B,3,M,Eidolon_dupreanum,tooth,Y
KEL278B,6,F,Eidolon_dupreanum,tooth,Y
KEL279B,2,F,Eidolon_dupreanum,tooth,Y
KEL281,0.219178082,M,Eidolon_dupreanum,juvenile,Y
KEL284B,1,F,Eidolon_dupreanum,tooth,Y
KEL286,0.219178082,F,Eidolon_dupreanum,juvenile,Y
KEL290,4,M,Eidolon_dupreanum,tooth,Y
KEL291,4,F,Eidolon_dupreanum,tooth,Y
KEL295,2,M,Eidolon_dupreanum,tooth,Y
KEL296,6,F,Eidolon_dupreanum,tooth,Y
KEL297,5,M,Eidolon_dupreanum,tooth,Y
KEL298,3,M,Eidolon_dupreanum,tooth,Y
KEL309,6,F,Eidolon_dupreanum,tooth,Y
KEL312,1,M,Eidolon_dupreanum,tooth,Y
KEL313,8,F,Eidolon_dupreanum,tooth,Y
KEL317,1,M,Eidolon_dupreanum,tooth,Y
KEL326,2,F,Eidolon_dupreanum,tooth,Y
KEL327,0.430136986,F,Eidolon_dupreanum,juvenile,Y
KEL328,6,F,Eidolon_dupreanum,tooth,Y
KEL333,9,F,Eidolon_dupreanum,tooth,Y
KEL336,6,F,Eidolon_dupreanum,tooth,Y
KEL339,1,F,Eidolon_dupreanum,tooth,Y
KEL340,1,F,Eidolon_dupreanum,tooth,Y
KEL345,9,M,Eidolon_dupreanum,tooth,Y
KEL348,10,M,Eidolon_dupreanum,tooth,Y
KEL354,1,M,Eidolon_dupreanum,tooth,Y
KEL361,3,M,Eidolon_dupreanum,tooth,Y
KEL363,0.635616438,F,Eidolon_dupreanum,juvenile,Y
KEL366,8,M,Eidolon_dupreanum,tooth,Y
KEL367,2,M,Eidolon_dupreanum,tooth,Y
KEL368,3,M,Eidolon_dupreanum,tooth,Y
KEL369,2,M,Eidolon_dupreanum,tooth,Y
KEL370,10,F,Eidolon_dupreanum,tooth,Y
KEL378,0.84109589,M,Eidolon_dupreanum,juvenile,Y
KEL380,1,M,Eidolon_dupreanum,tooth,Y
KEL389,1,M,Eidolon_dupreanum,tooth,Y
KEL402,0.997260274,F,Eidolon_dupreanum,juvenile,Y
KEL403,2,M,Eidolon_dupreanum,tooth,Y
KEL404,2,M,Eidolon_dupreanum,tooth,Y
KEL414,0.997260274,M,Eidolon_dupreanum,juvenile,Y
KEL415,1,F,Eidolon_dupreanum,tooth,Y
KEL416,0.997260274,M,Eidolon_dupreanum,juvenile,Y
KEL421,0.997260274,M,Eidolon_dupreanum,juvenile,Y
KEL422,0.997260274,M,Eidolon_dupreanum,juvenile,Y
KEL430,1,M,Eidolon_dupreanum,tooth,Y
KEL432,1,M,Eidolon_dupreanum,tooth,Y
KEL435,0.065753425,M,Eidolon_dupreanum,juvenile,Y
KEL437,1,M,Eidolon_dupreanum,tooth,Y
KEL440,5,F,Eidolon_dupreanum,tooth,Y
KEL442,4,M,Eidolon_dupreanum,tooth,Y
KEL457,0.210958904,M,Eidolon_dupreanum,juvenile,Y
KEL460B,0.315068493,F,Eidolon_dupreanum,juvenile,Y
KEL461B,0.315068493,M,Eidolon_dupreanum,juvenile,Y
KEL462,0.210958904,F,Eidolon_dupreanum,juvenile,Y
KEL462B,1,F,Eidolon_dupreanum,tooth,Y
KEL463B,0.315068493,F,Eidolon_dupreanum,juvenile,Y
KEL464B,6,F,Eidolon_dupreanum,tooth,Y
KEL467B,0.315068493,F,Eidolon_dupreanum,juvenile,Y
KEL468B,0.315068493,F,Eidolon_dupreanum,juvenile,Y
KEL469,0.312328767,F,Eidolon_dupreanum,juvenile,Y
KEL470,0.312328767,F,Eidolon_dupreanum,juvenile,Y
KEL471,1,F,Eidolon_dupreanum,tooth,Y
KEL472,0.312328767,F,Eidolon_dupreanum,juvenile,Y
KEL473,0.312328767,F,Eidolon_dupreanum,juvenile,Y
KEL475,0.312328767,F,Eidolon_dupreanum,juvenile,Y
KEL476,0.312328767,F,Eidolon_dupreanum,juvenile,Y
KEL477,0.312328767,F,Eidolon_dupreanum,juvenile,Y
KEL478,0.312328767,F,Eidolon_dupreanum,juvenile,Y
KEL479,0.312328767,F,Eidolon_dupreanum,juvenile,Y
KEL480,0.312328767,F,Eidolon_dupreanum,juvenile,Y
KEL484,0.312328767,F,Eidolon_dupreanum,juvenile,Y
KEL485,0.315068493,M,Eidolon_dupreanum,juvenile,Y
KEL486,2,M,Eidolon_dupreanum,tooth,Y
MIZ160,0.18630137,F,Rousettus_madagascariensis,juvenile,Y
MIZ304,0.065753425,M,Rousettus_madagascariensis,juvenile,Y
MIZ305,0.065753425,M,Rousettus_madagascariensis,juvenile,Y
MIZ306,0.065753425,M,Rousettus_madagascariensis,juvenile,Y
MIZ307,0.065753425,F,Rousettus_madagascariensis,juvenile,Y
MIZ310,0.071232877,F,Rousettus_madagascariensis,juvenile,Y
MIZ311,0.071232877,F,Rousettus_madagascariensis,juvenile,Y
MIZ312,0.071232877,M,Rousettus_madagascariensis,juvenile,Y
MIZ313,0.071232877,M,Rousettus_madagascariensis,juvenile,Y
MIZ324,0.073972603,F,Rousettus_madagascariensis,juvenile,Y
MIZ325,0.073972603,M,Rousettus_madagascariensis,juvenile,Y
MIZ326,0.073972603,M,Rousettus_madagascariensis,juvenile,Y
MIZ327,0.073972603,M,Rousettus_madagascariensis,juvenile,Y
MIZ328,0.073972603,F,Rousettus_madagascariensis,juvenile,Y
MIZ335,0.076712329,F,Rousettus_madagascariensis,juvenile,Y
MIZ336,0.076712329,M,Rousettus_madagascariensis,juvenile,Y
MIZ343,0.134246575,F,Rousettus_madagascariensis,juvenile,Y
MIZ382,0.2,F,Rousettus_madagascariensis,juvenile,Y
MIZ383,0.2,F,Rousettus_madagascariensis,juvenile,Y
MIZ386,0.2,F,Rousettus_madagascariensis,juvenile,Y
MIZ389,0.2,F,Rousettus_madagascariensis,juvenile,Y
MIZ390,0.2,F,Rousettus_madagascariensis,juvenile,Y
MIZ391,0.2,F,Rousettus_madagascariensis,juvenile,Y
MIZ392,0.2,F,Rousettus_madagascariensis,juvenile,Y
MIZ394,0.2,F,Rousettus_madagascariensis,juvenile,Y
MIZ395,0.2,M,Rousettus_madagascariensis,juvenile,Y
MIZ399,0.2,F,Rousettus_madagascariensis,juvenile,Y
MIZ402,0.2,M,Rousettus_madagascariensis,juvenile,Y
MIZ427,0.323287671,M,Rousettus_madagascariensis,juvenile,Y
MIZ430,0.435616438,F,Rousettus_madagascariensis,juvenile,Y
MIZ437,0.435616438,F,Rousettus_madagascariensis,juvenile,Y
MIZ448,0.438356164,F,Rousettus_madagascariensis,juvenile,Y
MIZ456,0.553424658,M,Rousettus_madagascariensis,juvenile,Y
MIZ458,0.553424658,F,Rousettus_madagascariensis,juvenile,Y
MIZ461,0.553424658,F,Rousettus_madagascariensis,juvenile,Y
MIZ462,0.553424658,F,Rousettus_madagascariensis,juvenile,Y
MIZ463,0.553424658,F,Rousettus_madagascariensis,juvenile,Y
MIZ469,0.690410959,M,Rousettus_madagascariensis,juvenile,Y
MIZ471,0.690410959,M,Rousettus_madagascariensis,juvenile,Y
MIZ472,0.690410959,F,Rousettus_madagascariensis,juvenile,Y
MIZ504,0.764383562,F,Rousettus_madagascariensis,juvenile,Y
MIZ512,0.767123288,F,Rousettus_madagascariensis,juvenile,Y
MIZ523,0.838356164,F,Rousettus_madagascariensis,juvenile,Y
MIZ525,0.838356164,M,Rousettus_madagascariensis,juvenile,Y
MIZ533,0.838356164,F,Rousettus_madagascariensis,juvenile,Y
MIZ546,0.917808219,F,Rousettus_madagascariensis,juvenile,Y
MIZ547,0.84109589,F,Rousettus_madagascariensis,juvenile,Y
MIZ612,0.134246575,F,Rousettus_madagascariensis,juvenile,Y
MIZ613,0.134246575,F,Rousettus_madagascariensis,juvenile,Y
MIZ643,0.24109589,F,Rousettus_madagascariensis,juvenile,Y
MIZ646,0.24109589,F,Rousettus_madagascariensis,juvenile,Y
ROU103,0.652054795,M,Rousettus_madagascariensis,juvenile,Y
ROU104,0.654794521,M,Rousettus_madagascariensis,juvenile,Y
ROU111,0.654794521,M,Rousettus_madagascariensis,juvenile,Y
ROU113,0.660273973,F,Rousettus_madagascariensis,juvenile,Y
ROU119,0.78630137,F,Rousettus_madagascariensis,juvenile,Y
ROU132,0.794520548,F,Rousettus_madagascariensis,juvenile,Y
ROU134,0.794520548,M,Rousettus_madagascariensis,juvenile,Y
ROU136,0.794520548,M,Rousettus_madagascariensis,juvenile,Y
ROU137,0.794520548,F,Rousettus_madagascariensis,juvenile,Y
ROU139,0.794520548,F,Rousettus_madagascariensis,juvenile,Y
ROU140,0.794520548,F,Rousettus_madagascariensis,juvenile,Y
ROU141,0.794520548,F,Rousettus_madagascariensis,juvenile,Y
ROU146,0.901369863,F,Rousettus_madagascariensis,juvenile,Y
ROU154,0.901369863,F,Rousettus_madagascariensis,juvenile,Y
ROU162,0.904109589,M,Rousettus_madagascariensis,juvenile,Y
ROU195,0.964383562,F,Rousettus_madagascariensis,juvenile,Y
ROU95,0.652054795,M,Rousettus_madagascariensis,juvenile,Y
RTC007,0.893150685,M,Rousettus_madagascariensis,juvenile,Y
RTC009,0.893150685,M,Rousettus_madagascariensis,juvenile,Y
RTC012,0.895890411,F,Rousettus_madagascariensis,juvenile,Y
WAY005,0.871232877,M,Eidolon_dupreanum,juvenile,Y
WAY009,0.871232877,F,Eidolon_dupreanum,juvenile,Y
WAY010,0.871232877,F,Eidolon_dupreanum,juvenile,Y
WAY011,0.871232877,M,Eidolon_dupreanum,juvenile,Y
WAY015,0.873972603,M,Eidolon_dupreanum,juvenile,Y
WAY022,0.873972603,F,Eidolon_dupreanum,juvenile,Y
WAY024,0.873972603,M,Eidolon_dupreanum,juvenile,Y
WAY025,13.66666667,F,Eidolon_dupreanum,tooth,Y
WAY031,4,M,Eidolon_dupreanum,tooth,Y
WAY032,0.956164384,F,Eidolon_dupreanum,juvenile,Y
WAY033,0.956164384,M,Eidolon_dupreanum,juvenile,Y
WAY034,0.956164384,F,Eidolon_dupreanum,juvenile,Y
WAY035,0.956164384,M,Eidolon_dupreanum,juvenile,Y
WAY036,0.956164384,F,Eidolon_dupreanum,juvenile,Y
WAY037,0.956164384,F,Eidolon_dupreanum,juvenile,Y
WAY038,0.956164384,F,Eidolon_dupreanum,juvenile,Y
WAY039,4,M,Eidolon_dupreanum,tooth,Y
WAY043,1,M,Eidolon_dupreanum,tooth,Y
WAY044,0.95890411,F,Eidolon_dupreanum,juvenile,Y
WAY045,0.95890411,M,Eidolon_dupreanum,juvenile,Y
WAY046,0.95890411,F,Eidolon_dupreanum,juvenile,Y
WAY047,2,M,Eidolon_dupreanum,tooth,Y
WAY048,2,M,Eidolon_dupreanum,tooth,Y
WAY049,9,F,Eidolon_dupreanum,tooth,Y
WAY052,0.961643836,M,Eidolon_dupreanum,juvenile,Y
WAY053,0.961643836,M,Eidolon_dupreanum,juvenile,Y
WAY054,5,F,Eidolon_dupreanum,tooth,Y
WAY072,0.030136986,M,Eidolon_dupreanum,juvenile,Y
WAY073,0.030136986,F,Eidolon_dupreanum,juvenile,Y
WAY081,0.032876712,F,Eidolon_dupreanum,juvenile,Y
WAY083,0.032876712,F,Eidolon_dupreanum,juvenile,Y
AMB1,2,M,Pteropus_rufus,tooth,N
AMB10,0.128767123,M,Pteropus_rufus,juvenile,N
AMB100,3,F,Pteropus_rufus,tooth,N
AMB101,0.301369863,F,Pteropus_rufus,juvenile,N
AMB102,0.301369863,F,Pteropus_rufus,juvenile,N
AMB104,0.301369863,F,Pteropus_rufus,juvenile,N
AMB106,2,M,Pteropus_rufus,tooth,N
AMB107,2,F,Pteropus_rufus,tooth,N
AMB109,0.304109589,F,Pteropus_rufus,juvenile,N
AMB110,1,F,Pteropus_rufus,tooth,N
AMB111,3,F,Pteropus_rufus,tooth,N
AMB112,2,F,Pteropus_rufus,tooth,N
AMB113,2,F,Pteropus_rufus,tooth,N
AMB115,0.306849315,F,Pteropus_rufus,juvenile,N
AMB116,2,M,Pteropus_rufus,tooth,N
AMB117,2,M,Pteropus_rufus,tooth,N
AMB118,1,F,Pteropus_rufus,tooth,N
AMB119,1,F,Pteropus_rufus,tooth,N
AMB12,0.128767123,M,Pteropus_rufus,juvenile,N
AMB120,3,F,Pteropus_rufus,tooth,N
AMB121,0.309589041,F,Pteropus_rufus,juvenile,N
AMB122,4,M,Pteropus_rufus,tooth,N
AMB123,1,M,Pteropus_rufus,tooth,N
AMB124,0.4,F,Pteropus_rufus,juvenile,N
AMB125,2,M,Pteropus_rufus,tooth,N
AMB126,3,M,Pteropus_rufus,tooth,N
AMB127,0.402739726,F,Pteropus_rufus,juvenile,N
AMB128,0.405479452,F,Pteropus_rufus,juvenile,N
AMB129,1,F,Pteropus_rufus,tooth,N
AMB130,3,F,Pteropus_rufus,tooth,N
AMB131,2,F,Pteropus_rufus,tooth,N
AMB132,3,M,Pteropus_rufus,tooth,N
AMB133,0.41369863,M,Pteropus_rufus,juvenile,N
AMB134,2,M,Pteropus_rufus,tooth,N
AMB136,2,M,Pteropus_rufus,tooth,N
AMB137,0.416438356,F,Pteropus_rufus,juvenile,N
AMB138,4,M,Pteropus_rufus,tooth,N
AMB14,0.134246575,F,Pteropus_rufus,juvenile,N
AMB140,0.542465753,F,Pteropus_rufus,juvenile,N
AMB141,1,M,Pteropus_rufus,tooth,N
AMB142,0.545205479,M,Pteropus_rufus,juvenile,N
AMB143,3,M,Pteropus_rufus,tooth,N
AMB144,0.545205479,M,Pteropus_rufus,juvenile,N
AMB146,0.550684932,M,Pteropus_rufus,juvenile,N
AMB148,2,F,Pteropus_rufus,tooth,N
AMB149,1,F,Pteropus_rufus,tooth,N
AMB15,0.134246575,M,Pteropus_rufus,juvenile,N
AMB150,2,M,Pteropus_rufus,tooth,N
AMB151,2,M,Pteropus_rufus,tooth,N
AMB152,1,M,Pteropus_rufus,tooth,N
AMB153,0.852054795,M,Pteropus_rufus,juvenile,N
AMB154,0.852054795,F,Pteropus_rufus,juvenile,N
AMB155,1,F,Pteropus_rufus,tooth,N
AMB156,3,F,Pteropus_rufus,tooth,N
AMB157,3,M,Pteropus_rufus,tooth,N
AMB161,0.37260274,F,Pteropus_rufus,juvenile,N
AMB162,2,M,Pteropus_rufus,tooth,N
AMB163,5,F,Pteropus_rufus,tooth,N
AMB164,3,M,Pteropus_rufus,tooth,N
AMB170,0.487671233,M,Pteropus_rufus,juvenile,N
AMB18,0.134246575,M,Pteropus_rufus,juvenile,N
AMB19,3,M,Pteropus_rufus,tooth,N
AMB2,1,M,Pteropus_rufus,tooth,N
AMB35,3,M,Pteropus_rufus,tooth,N
AMB36,9,F,Pteropus_rufus,tooth,N
AMB37,4.6,M,Pteropus_rufus,tooth,N
AMB38,3,M,Pteropus_rufus,tooth,N
AMB39,3,M,Pteropus_rufus,tooth,N
AMB4,0.126027397,M,Pteropus_rufus,juvenile,N
AMB41,0.180821918,F,Pteropus_rufus,juvenile,N
AMB44,0.183561644,M,Pteropus_rufus,juvenile,N
AMB45,6,F,Pteropus_rufus,tooth,N
AMB46,2,M,Pteropus_rufus,tooth,N
AMB47,2,M,Pteropus_rufus,tooth,N
AMB49,0.18630137,M,Pteropus_rufus,juvenile,N
AMB5,0.126027397,M,Pteropus_rufus,juvenile,N
AMB51,0.18630137,F,Pteropus_rufus,juvenile,N
AMB52,5,M,Pteropus_rufus,tooth,N
AMB53,0.189041096,F,Pteropus_rufus,juvenile,N
AMB56,0.189041096,F,Pteropus_rufus,juvenile,N
AMB58,0.191780822,F,Pteropus_rufus,juvenile,N
AMB60,0.191780822,F,Pteropus_rufus,juvenile,N
AMB61,2,M,Pteropus_rufus,tooth,N
AMB62,1,M,Pteropus_rufus,tooth,N
AMB63,0.463013699,M,Pteropus_rufus,juvenile,N
AMB64,3,M,Pteropus_rufus,tooth,N
AMB65,1,F,Pteropus_rufus,tooth,N
AMB66,3,M,Pteropus_rufus,tooth,N
AMB67,3,F,Pteropus_rufus,tooth,N
AMB7,0.126027397,M,Pteropus_rufus,juvenile,N
AMB71,0.468493151,M,Pteropus_rufus,juvenile,N
AMB72,2,M,Pteropus_rufus,tooth,N
AMB73,0.471232877,M,Pteropus_rufus,juvenile,N
AMB74,0.471232877,M,Pteropus_rufus,juvenile,N
AMB77,0.473972603,M,Pteropus_rufus,juvenile,N
AMB78,3,M,Pteropus_rufus,tooth,N
AMB79,1,M,Pteropus_rufus,tooth,N
AMB80,2,M,Pteropus_rufus,tooth,N
AMB81,1,M,Pteropus_rufus,tooth,N
AMB82,1,M,Pteropus_rufus,tooth,N
AMB83,4,M,Pteropus_rufus,tooth,N
AMB84,1,M,Pteropus_rufus,tooth,N
AMB85,2,F,Pteropus_rufus,tooth,N
AMB86,2,M,Pteropus_rufus,tooth,N
AMB87,1,F,Pteropus_rufus,tooth,N
AMB88,1,F,Pteropus_rufus,tooth,N
AMB89,3,M,Pteropus_rufus,tooth,N
AMB90,6,M,Pteropus_rufus,tooth,N
AMB91,1,F,Pteropus_rufus,tooth,N
AMB92,3,F,Pteropus_rufus,tooth,N
AMB93,1,F,Pteropus_rufus,tooth,N
AMB95,0.298630137,M,Pteropus_rufus,juvenile,N
AMB97,0.298630137,F,Pteropus_rufus,juvenile,N
AMB99,0.301369863,M,Pteropus_rufus,juvenile,N
ANA001,0.852054795,M,Pteropus_rufus,juvenile,N
ANA002,0.857534247,M,Pteropus_rufus,juvenile,N
ANA003,0.857534247,M,Pteropus_rufus,juvenile,N
ANA004,0.857534247,M,Pteropus_rufus,juvenile,N
ANA005,0.860273973,M,Pteropus_rufus,juvenile,N
ANA006,0.863013699,F,Pteropus_rufus,juvenile,N
ANA014,0.043835616,F,Pteropus_rufus,juvenile,N
ANA016,0.043835616,F,Pteropus_rufus,juvenile,N
ANA020,0.046575342,F,Pteropus_rufus,juvenile,N
ANA027,0.164383562,F,Pteropus_rufus,juvenile,N
ANA029,0.164383562,M,Pteropus_rufus,juvenile,N
ANA031,0.164383562,M,Pteropus_rufus,juvenile,N
ANA034,0.167123288,F,Pteropus_rufus,juvenile,N
ANA036,0.167123288,M,Pteropus_rufus,juvenile,N
ANA039,0.169863014,F,Pteropus_rufus,juvenile,N
ANA041,0.169863014,F,Pteropus_rufus,juvenile,N
ANA043,0.169863014,F,Pteropus_rufus,juvenile,N
ANA045,0.169863014,F,Pteropus_rufus,juvenile,N
ANA051,0.17260274,F,Pteropus_rufus,juvenile,N
ANA057,0.334246575,M,Pteropus_rufus,juvenile,N
ANA059,0.334246575,F,Pteropus_rufus,juvenile,N
ANA061,0.334246575,F,Pteropus_rufus,juvenile,N
ANA062,0.334246575,F,Pteropus_rufus,juvenile,N
ANA063,0.334246575,M,Pteropus_rufus,juvenile,N
ANA064,0.334246575,M,Pteropus_rufus,juvenile,N
ANA065,0.334246575,M,Pteropus_rufus,juvenile,N
ANA068,0.336986301,M,Pteropus_rufus,juvenile,N
ANA069,0.336986301,F,Pteropus_rufus,juvenile,N
ANA070,0.336986301,M,Pteropus_rufus,juvenile,N
ANA071,0.339726027,M,Pteropus_rufus,juvenile,N
ANA072,0.339726027,M,Pteropus_rufus,juvenile,N
ANA073,0.339726027,M,Pteropus_rufus,juvenile,N
ANA074,0.339726027,F,Pteropus_rufus,juvenile,N
ANA077,0.342465753,M,Pteropus_rufus,juvenile,N
ANA079,0.342465753,F,Pteropus_rufus,juvenile,N
ANA083,0.342465753,F,Pteropus_rufus,juvenile,N
ANA084,0.487671233,F,Pteropus_rufus,juvenile,N
ANA090,0.493150685,F,Pteropus_rufus,juvenile,N
ANA092,0.495890411,F,Pteropus_rufus,juvenile,N
ANA098,0.498630137,F,Pteropus_rufus,juvenile,N
ANA100,0.501369863,M,Pteropus_rufus,juvenile,N
ANA101,0.504109589,M,Pteropus_rufus,juvenile,N
ANA102,0.504109589,M,Pteropus_rufus,juvenile,N
ANA103,0.504109589,F,Pteropus_rufus,juvenile,N
ANA104,0.504109589,M,Pteropus_rufus,juvenile,N
ANA105,0.506849315,F,Pteropus_rufus,juvenile,N
ANA106,0.506849315,F,Pteropus_rufus,juvenile,N
AND1,2,M,Eidolon_dupreanum,tooth,N
AND14,5,F,Eidolon_dupreanum,tooth,N
AND2,2.5,M,Eidolon_dupreanum,tooth,N
AND20,6,F,Eidolon_dupreanum,tooth,N
AND26,0.906849315,M,Eidolon_dupreanum,juvenile,N
AND28,3,F,Eidolon_dupreanum,tooth,N
AND29,8,M,Eidolon_dupreanum,tooth,N
AND3,4,M,Eidolon_dupreanum,tooth,N
AND30,4,M,Eidolon_dupreanum,tooth,N
AND31,10,M,Eidolon_dupreanum,tooth,N
AND32,8,M,Eidolon_dupreanum,tooth,N
AND33,3,M,Eidolon_dupreanum,tooth,N
AND34,10,M,Eidolon_dupreanum,tooth,N
AND35,3,M,Eidolon_dupreanum,tooth,N
AND36,6,M,Eidolon_dupreanum,tooth,N
AND37,3,M,Eidolon_dupreanum,tooth,N
AND38,13,M,Eidolon_dupreanum,tooth,N
AND4,4.5,M,Eidolon_dupreanum,tooth,N
AND40,7,M,Eidolon_dupreanum,tooth,N
AND43,6,M,Eidolon_dupreanum,tooth,N
ANDH1,0.37260274,M,Eidolon_dupreanum,juvenile,N
ANDH2,2,M,Eidolon_dupreanum,tooth,N
ANG130,2,F,Eidolon_dupreanum,tooth,N
ANGB10,0.5,F,Eidolon_dupreanum,tooth,N
ANGB109,0.597260274,F,Eidolon_dupreanum,juvenile,N
ANGB11,2,F,Eidolon_dupreanum,tooth,N
ANGB111,1,M,Eidolon_dupreanum,tooth,N
ANGB112,2,M,Eidolon_dupreanum,tooth,N
ANGB117,1,F,Eidolon_dupreanum,tooth,N
ANGB12,0.016438356,F,Eidolon_dupreanum,juvenile,N
ANGB13,0.016438356,M,Eidolon_dupreanum,juvenile,N
ANGB135,3,F,Eidolon_dupreanum,tooth,N
ANGB142,1,M,Eidolon_dupreanum,tooth,N
ANGB143,3,F,Eidolon_dupreanum,tooth,N
ANGB146,0.690410959,M,Eidolon_dupreanum,juvenile,N
ANGB147,5,F,Eidolon_dupreanum,tooth,N
ANGB15,0.019178082,F,Eidolon_dupreanum,juvenile,N
ANGB156,3,M,Eidolon_dupreanum,tooth,N
ANGB157,8,M,Eidolon_dupreanum,tooth,N
ANGB158,8,F,Eidolon_dupreanum,tooth,N
ANGB159,5,F,Eidolon_dupreanum,tooth,N
ANGB160,2,M,Eidolon_dupreanum,tooth,N
ANGB161,2,M,Eidolon_dupreanum,tooth,N
ANGB162,4,M,Eidolon_dupreanum,tooth,N
ANGB17,0.019178082,M,Eidolon_dupreanum,juvenile,N
ANGB19,0.019178082,F,Eidolon_dupreanum,juvenile,N
ANGB2,1,M,Eidolon_dupreanum,tooth,N
ANGB20,0.019178082,F,Eidolon_dupreanum,juvenile,N
ANGB22,0.019178082,M,Eidolon_dupreanum,juvenile,N
ANGB26,0.019178082,M,Eidolon_dupreanum,juvenile,N
ANGB28,0.019178082,F,Eidolon_dupreanum,juvenile,N
ANGB30,0.019178082,M,Eidolon_dupreanum,juvenile,N
ANGB4,5,M,Eidolon_dupreanum,tooth,N
ANGB42,3,M,Eidolon_dupreanum,tooth,N
ANGB43,0.073972603,F,Eidolon_dupreanum,juvenile,N
ANGB46,0.073972603,F,Eidolon_dupreanum,juvenile,N
ANGB47,0.073972603,F,Eidolon_dupreanum,juvenile,N
ANGB48,2.5,F,Eidolon_dupreanum,tooth,N
ANGB49,0.073972603,M,Eidolon_dupreanum,juvenile,N
ANGB5,7.5,M,Eidolon_dupreanum,tooth,N
ANGB51,0.073972603,M,Eidolon_dupreanum,juvenile,N
ANGB52,1,F,Eidolon_dupreanum,tooth,N
ANGB53,2,M,Eidolon_dupreanum,tooth,N
ANGB6,1,F,Eidolon_dupreanum,tooth,N
ANGB67,3,F,Eidolon_dupreanum,tooth,N
ANGB7,1,F,Eidolon_dupreanum,tooth,N
ANGB77,1,F,Eidolon_dupreanum,tooth,N
ANGB78,0.44109589,M,Eidolon_dupreanum,juvenile,N
ANGB79,1,F,Eidolon_dupreanum,tooth,N
ANGB8,1,F,Eidolon_dupreanum,tooth,N
ANGB81,12,F,Eidolon_dupreanum,tooth,N
ANGB82,9.5,F,Eidolon_dupreanum,tooth,N
ANGB83,3,F,Eidolon_dupreanum,tooth,N
ANGB84,2.75,F,Eidolon_dupreanum,tooth,N
ANGB85,11,F,Eidolon_dupreanum,tooth,N
ANGB86,10,F,Eidolon_dupreanum,tooth,N
ANGB87,0.594520548,F,Eidolon_dupreanum,juvenile,N
ANGB88,1,F,Eidolon_dupreanum,tooth,N
ANGB9,1,F,Eidolon_dupreanum,tooth,N
ANGB90,3,F,Eidolon_dupreanum,tooth,N
ANGB91,11,F,Eidolon_dupreanum,tooth,N
ANGB92,1,F,Eidolon_dupreanum,tooth,N
ANGB93,11,F,Eidolon_dupreanum,tooth,N
ATS1,6.5,F,Eidolon_dupreanum,tooth,N
ATS2,2.5,M,Eidolon_dupreanum,tooth,N
CDG221,0.5,M,Rousettus_madagascariensis,tooth,N
CDG222,1.5,F,Rousettus_madagascariensis,tooth,N
CDG223,3,M,Rousettus_madagascariensis,tooth,N
CDG227,0.5,F,Rousettus_madagascariensis,tooth,N
CDG234,0.5,M,Rousettus_madagascariensis,tooth,N
CDG238,5.5,F,Rousettus_madagascariensis,tooth,N
CDG239,0.5,M,Rousettus_madagascariensis,tooth,N
EMA1,3,M,Eidolon_dupreanum,tooth,N
EMA12,6,F,Eidolon_dupreanum,tooth,N
EMA2,1,M,Eidolon_dupreanum,tooth,N
EMA3,1,M,Eidolon_dupreanum,tooth,N
EMA4,0.654794521,F,Eidolon_dupreanum,juvenile,N
EMA5,0.654794521,M,Eidolon_dupreanum,juvenile,N
EMA6,0.654794521,F,Eidolon_dupreanum,juvenile,N
EMA7,0.654794521,M,Eidolon_dupreanum,juvenile,N
KEL119,12,F,Eidolon_dupreanum,tooth,N
KEL120,6,F,Eidolon_dupreanum,tooth,N
KEL122,3,M,Eidolon_dupreanum,tooth,N
KEL123,7,M,Eidolon_dupreanum,tooth,N
KEL124,6,M,Eidolon_dupreanum,tooth,N
KEL125,3,M,Eidolon_dupreanum,tooth,N
KEL126,4,M,Eidolon_dupreanum,tooth,N
KEL127,3,M,Eidolon_dupreanum,tooth,N
KEL133,4.5,F,Eidolon_dupreanum,tooth,N
KEL134,3,M,Eidolon_dupreanum,tooth,N
KEL135,2,M,Eidolon_dupreanum,tooth,N
KEL139,1,M,Eidolon_dupreanum,tooth,N
KEL147,2,M,Eidolon_dupreanum,tooth,N
KEL158,0.246575342,F,Eidolon_dupreanum,juvenile,N
KEL159,0.246575342,M,Eidolon_dupreanum,juvenile,N
KEL164,0.246575342,F,Eidolon_dupreanum,juvenile,N
KEL166,0.246575342,F,Eidolon_dupreanum,juvenile,N
KEL169,0.246575342,M,Eidolon_dupreanum,juvenile,N
KEL171,0.246575342,M,Eidolon_dupreanum,juvenile,N
KEL185,6,F,Eidolon_dupreanum,tooth,N
KEL186,5,F,Eidolon_dupreanum,tooth,N
KEL187,5,F,Eidolon_dupreanum,tooth,N
KEL188,4,F,Eidolon_dupreanum,tooth,N
KEL193,0.394520548,F,Eidolon_dupreanum,juvenile,N
KEL198,6,M,Eidolon_dupreanum,tooth,N
KEL206,0.394520548,F,Eidolon_dupreanum,juvenile,N
KEL21,0.024657534,F,Eidolon_dupreanum,juvenile,N
KEL213,1,M,Eidolon_dupreanum,tooth,N
KEL215,0.690410959,F,Eidolon_dupreanum,juvenile,N
KEL217,2,M,Eidolon_dupreanum,tooth,N
KEL218,2,F,Eidolon_dupreanum,tooth,N
KEL219,1,M,Eidolon_dupreanum,tooth,N
KEL221,0.690410959,M,Eidolon_dupreanum,juvenile,N
KEL222,7,F,Eidolon_dupreanum,tooth,N
KEL227,4,F,Eidolon_dupreanum,tooth,N
KEL228,0.690410959,F,Eidolon_dupreanum,juvenile,N
KEL23,0.024657534,M,Eidolon_dupreanum,juvenile,N
KEL236,0.690410959,M,Eidolon_dupreanum,juvenile,N
KEL25,0.024657534,F,Eidolon_dupreanum,juvenile,N
KEL252,7,M,Eidolon_dupreanum,tooth,N
KEL253,0.136986301,M,Eidolon_dupreanum,juvenile,N
KEL259,0.142465753,F,Eidolon_dupreanum,juvenile,N
KEL27,0.024657534,M,Eidolon_dupreanum,juvenile,N
KEL273B,1,M,Eidolon_dupreanum,tooth,N
KEL28,5,M,Eidolon_dupreanum,tooth,N
KEL29,3.4,M,Eidolon_dupreanum,tooth,N
KEL304,1,F,Eidolon_dupreanum,tooth,N
KEL305,10,F,Eidolon_dupreanum,tooth,N
KEL31,5,M,Eidolon_dupreanum,tooth,N
KEL310,9.333333333,F,Eidolon_dupreanum,tooth,N
KEL316,1,M,Eidolon_dupreanum,tooth,N
KEL319,1,F,Eidolon_dupreanum,tooth,N
KEL32,3.25,M,Eidolon_dupreanum,tooth,N
KEL33,4,M,Eidolon_dupreanum,tooth,N
KEL332,2.5,F,Eidolon_dupreanum,tooth,N
KEL337,4,F,Eidolon_dupreanum,tooth,N
KEL349,5,M,Eidolon_dupreanum,tooth,N
KEL35,11,M,Eidolon_dupreanum,tooth,N
KEL37,6,M,Eidolon_dupreanum,tooth,N
KEL39,4,M,Eidolon_dupreanum,tooth,N
KEL391,0.915068493,F,Eidolon_dupreanum,juvenile,N
KEL392,3,M,Eidolon_dupreanum,tooth,N
KEL394,0.915068493,M,Eidolon_dupreanum,juvenile,N
KEL395,1,M,Eidolon_dupreanum,tooth,N
KEL396,1,M,Eidolon_dupreanum,tooth,N
KEL40,2,M,Eidolon_dupreanum,tooth,N
KEL42,9,M,Eidolon_dupreanum,tooth,N
KEL449,1,F,Eidolon_dupreanum,tooth,N
KEL452,0.210958904,M,Eidolon_dupreanum,juvenile,N
KEL459,1,M,Eidolon_dupreanum,tooth,N
KEL459B,2,M,Eidolon_dupreanum,tooth,N
KEL468,0.210958904,F,Eidolon_dupreanum,juvenile,N
KEL48,9,M,Eidolon_dupreanum,tooth,N
KEL499,0.315068493,F,Eidolon_dupreanum,juvenile,N
KEL501,0.315068493,F,Eidolon_dupreanum,juvenile,N
KEL504,0.315068493,F,Eidolon_dupreanum,juvenile,N
KEL51,3,M,Eidolon_dupreanum,tooth,N
KEL514,0.317808219,M,Eidolon_dupreanum,juvenile,N
KEL515,0.317808219,F,Eidolon_dupreanum,juvenile,N
KEL521,0.317808219,M,Eidolon_dupreanum,juvenile,N
KEL531,0.317808219,M,Eidolon_dupreanum,juvenile,N
KEL56,10,M,Eidolon_dupreanum,tooth,N
KEL611,0.679452055,M,Eidolon_dupreanum,juvenile,N
KEL613,0.679452055,F,Eidolon_dupreanum,juvenile,N
KEL618,0.682191781,M,Eidolon_dupreanum,juvenile,N
KEL629,0.865753425,M,Eidolon_dupreanum,juvenile,N
KEL631,0.865753425,F,Eidolon_dupreanum,juvenile,N
KEL637,0.865753425,M,Eidolon_dupreanum,juvenile,N
KEL638,0.865753425,M,Eidolon_dupreanum,juvenile,N
KEL639,0.865753425,M,Eidolon_dupreanum,juvenile,N
KEL641,0.865753425,F,Eidolon_dupreanum,juvenile,N
KEL644,0.868493151,M,Eidolon_dupreanum,juvenile,N
KEL647,0.868493151,M,Eidolon_dupreanum,juvenile,N
KEL65,2.333333333,M,Eidolon_dupreanum,tooth,N
KEL66,3,F,Eidolon_dupreanum,tooth,N
KEL674,0.156164384,F,Eidolon_dupreanum,juvenile,N
KEL68,2,M,Eidolon_dupreanum,tooth,N
KEL681,0.24109589,M,Eidolon_dupreanum,juvenile,N
KEL684,0.24109589,M,Eidolon_dupreanum,juvenile,N
KEL69,2,M,Eidolon_dupreanum,tooth,N
KEL695,0.008219178,M,Eidolon_dupreanum,juvenile,N
KEL696,0.008219178,M,Eidolon_dupreanum,juvenile,N
KEL697,0.008219178,M,Eidolon_dupreanum,juvenile,N
KEL698,0.008219178,F,Eidolon_dupreanum,juvenile,N
KEL699,0.008219178,M,Eidolon_dupreanum,juvenile,N
KEL70,1,M,Eidolon_dupreanum,tooth,N
KEL700,0.008219178,M,Eidolon_dupreanum,juvenile,N
KEL703,0.010958904,M,Eidolon_dupreanum,juvenile,N
KEL704,0.010958904,F,Eidolon_dupreanum,juvenile,N
KEL71,1,M,Eidolon_dupreanum,tooth,N
KEL715,0.24109589,F,Eidolon_dupreanum,juvenile,N
KEL717,0.24109589,F,Eidolon_dupreanum,juvenile,N
KEL719,0.24109589,M,Eidolon_dupreanum,juvenile,N
KEL722,0.24109589,F,Eidolon_dupreanum,juvenile,N
KEL723,0.24109589,F,Eidolon_dupreanum,juvenile,N
KEL727,0.24109589,F,Eidolon_dupreanum,juvenile,N
KEL729,0.24109589,M,Eidolon_dupreanum,juvenile,N
KEL730,0.243835616,F,Eidolon_dupreanum,juvenile,N
KEL735,0.24109589,F,Eidolon_dupreanum,juvenile,N
KEL736,0.24109589,F,Eidolon_dupreanum,juvenile,N
KEL738,0.317808219,F,Eidolon_dupreanum,juvenile,N
KEL741,0.317808219,F,Eidolon_dupreanum,juvenile,N
KEL744,0.317808219,F,Eidolon_dupreanum,juvenile,N
KEL770,0.410958904,F,Eidolon_dupreanum,juvenile,N
KEL82,0.084931507,M,Eidolon_dupreanum,juvenile,N
KEL83,3,F,Eidolon_dupreanum,tooth,N
KEL84,1,F,Eidolon_dupreanum,tooth,N
KEL86,1,M,Eidolon_dupreanum,tooth,N
KEL88,4,M,Eidolon_dupreanum,tooth,N
KEL91,1,F,Eidolon_dupreanum,tooth,N
KEL92,0.084931507,M,Eidolon_dupreanum,juvenile,N
KEL94,1,M,Eidolon_dupreanum,tooth,N
KEL95,2,M,Eidolon_dupreanum,tooth,N
KEL96,6,F,Eidolon_dupreanum,tooth,N
MAH10,1,M,Pteropus_rufus,tooth,N
MAH11,3,M,Pteropus_rufus,tooth,N
MAH12,1,F,Pteropus_rufus,tooth,N
MAH13,2,F,Pteropus_rufus,tooth,N
MAH3,0.783561644,M,Pteropus_rufus,juvenile,N
MAH6,1,F,Pteropus_rufus,tooth,N
MAH7,0.783561644,M,Pteropus_rufus,juvenile,N
MAH8,1.333333333,M,Pteropus_rufus,tooth,N
MAH9,1,F,Pteropus_rufus,tooth,N
MAK1,2,F,Pteropus_rufus,tooth,N
MAK10,1,M,Pteropus_rufus,tooth,N
MAK2,0.106849315,M,Pteropus_rufus,juvenile,N
MAK3,2,F,Pteropus_rufus,tooth,N
MAK4,3,F,Pteropus_rufus,tooth,N
MAK5,0.77260274,F,Pteropus_rufus,juvenile,N
MAK6,0.775342466,F,Pteropus_rufus,juvenile,N
MAK7,2,M,Pteropus_rufus,tooth,N
MAK8,2,F,Pteropus_rufus,tooth,N
MAK9,0.778082192,M,Pteropus_rufus,juvenile,N
MARO083,0.41369863,F,Pteropus_rufus,juvenile,N
MARO085,0.41369863,F,Pteropus_rufus,juvenile,N
MARO086,0.41369863,F,Pteropus_rufus,juvenile,N
MARO087,0.41369863,M,Pteropus_rufus,juvenile,N
MARO088,0.41369863,F,Pteropus_rufus,juvenile,N
MARO090,0.41369863,M,Pteropus_rufus,juvenile,N
MARO091,0.41369863,M,Pteropus_rufus,juvenile,N
MARO092,0.416438356,M,Pteropus_rufus,juvenile,N
MARO093,0.416438356,M,Pteropus_rufus,juvenile,N
MARO094,0.416438356,M,Pteropus_rufus,juvenile,N
MARO095,0.416438356,M,Pteropus_rufus,juvenile,N
MARO096,0.419178082,M,Pteropus_rufus,juvenile,N
MARO097,0.419178082,F,Pteropus_rufus,juvenile,N
MARO099,0.419178082,M,Pteropus_rufus,juvenile,N
MARO1,0.8,M,Pteropus_rufus,tooth,N
MARO100,0.419178082,M,Pteropus_rufus,juvenile,N
MARO101,0.419178082,F,Pteropus_rufus,juvenile,N
MARO103,0.421917808,M,Pteropus_rufus,juvenile,N
MARO104,0.421917808,F,Pteropus_rufus,juvenile,N
MARO105,0.421917808,M,Pteropus_rufus,juvenile,N
MARO106,0.421917808,M,Pteropus_rufus,juvenile,N
MARO107,0.421917808,F,Pteropus_rufus,juvenile,N
MARO108,0.424657534,M,Pteropus_rufus,juvenile,N
MARO11,0.106849315,F,Pteropus_rufus,juvenile,N
MARO111,0.42739726,F,Pteropus_rufus,juvenile,N
MARO13,0.106849315,F,Pteropus_rufus,juvenile,N
MARO14,0.389041096,M,Pteropus_rufus,juvenile,N
MARO3,0.095890411,F,Pteropus_rufus,juvenile,N
MARO35,1,M,Pteropus_rufus,tooth,N
MARO36,1.5,M,Pteropus_rufus,tooth,N
MARO37,1,F,Pteropus_rufus,tooth,N
MARO38,1,M,Pteropus_rufus,tooth,N
MARO39,1,F,Pteropus_rufus,tooth,N
MARO4,2.5,F,Pteropus_rufus,tooth,N
MARO40,1,F,Pteropus_rufus,tooth,N
MARO41,1,M,Pteropus_rufus,tooth,N
MARO42,0.920547945,M,Pteropus_rufus,juvenile,N
MARO43,0.920547945,F,Pteropus_rufus,juvenile,N
MARO44,1,M,Pteropus_rufus,tooth,N
MARO45,5.75,M,Pteropus_rufus,tooth,N
MARO46,1,F,Pteropus_rufus,tooth,N
MARO47,1,M,Pteropus_rufus,tooth,N
MARO48,1,M,Pteropus_rufus,tooth,N
MARO49,2,F,Pteropus_rufus,tooth,N
MARO5,0.095890411,M,Pteropus_rufus,juvenile,N
MARO50,0.164383562,F,Pteropus_rufus,juvenile,N
MARO51,0.164383562,M,Pteropus_rufus,juvenile,N
MARO52,2,M,Pteropus_rufus,tooth,N
MARO53,2,F,Pteropus_rufus,tooth,N
MARO55,0.167123288,M,Pteropus_rufus,juvenile,N
MARO57,0.167123288,F,Pteropus_rufus,juvenile,N
MARO58,1,F,Pteropus_rufus,tooth,N
MARO59,1,F,Pteropus_rufus,tooth,N
MARO61,0.17260274,F,Pteropus_rufus,juvenile,N
MARO62,0.17260274,F,Pteropus_rufus,juvenile,N
MARO64,0.175342466,M,Pteropus_rufus,juvenile,N
MARO65,2,M,Pteropus_rufus,tooth,N
MARO66,0.443835616,M,Pteropus_rufus,juvenile,N
MARO67,1,M,Pteropus_rufus,tooth,N
MARO68,1,M,Pteropus_rufus,tooth,N
MARO69,1,M,Pteropus_rufus,tooth,N
MARO70,0.449315068,M,Pteropus_rufus,juvenile,N
MARO71,1,F,Pteropus_rufus,tooth,N
MARO74,0.452054795,F,Pteropus_rufus,juvenile,N
MARO75,1,M,Pteropus_rufus,tooth,N
MARO76,0.457534247,F,Pteropus_rufus,juvenile,N
MARO77,0.621917808,F,Pteropus_rufus,juvenile,N
MARO78,0.624657534,M,Pteropus_rufus,juvenile,N
MARO79,0.62739726,M,Pteropus_rufus,juvenile,N
MARO8,0.104109589,M,Pteropus_rufus,juvenile,N
MARO80,0.62739726,M,Pteropus_rufus,juvenile,N
MARO81,0.630136986,F,Pteropus_rufus,juvenile,N
MIZ1001,0.446575342,F,Rousettus_madagascariensis,juvenile,N
MIZ1004,0.446575342,F,Rousettus_madagascariensis,juvenile,N
MIZ107,0.109589041,M,Rousettus_madagascariensis,juvenile,N
MIZ113,0.109589041,F,Rousettus_madagascariensis,juvenile,N
MIZ121,0.109589041,F,Rousettus_madagascariensis,juvenile,N
MIZ122,0.109589041,F,Rousettus_madagascariensis,juvenile,N
MIZ124,0.109589041,M,Rousettus_madagascariensis,juvenile,N
MIZ126,0.109589041,M,Rousettus_madagascariensis,juvenile,N
MIZ128,0.109589041,F,Rousettus_madagascariensis,juvenile,N
MIZ130,0.109589041,M,Rousettus_madagascariensis,juvenile,N
MIZ132,0.109589041,M,Rousettus_madagascariensis,juvenile,N
MIZ134,0.109589041,F,Rousettus_madagascariensis,juvenile,N
MIZ135,0.183561644,F,Rousettus_madagascariensis,juvenile,N
MIZ137,0.183561644,F,Rousettus_madagascariensis,juvenile,N
MIZ141,0.183561644,M,Rousettus_madagascariensis,juvenile,N
MIZ144,0.183561644,F,Rousettus_madagascariensis,juvenile,N
MIZ153,0.18630137,M,Rousettus_madagascariensis,juvenile,N
MIZ154,0.333333333,F,Rousettus_madagascariensis,tooth,N
MIZ156,0.18630137,F,Rousettus_madagascariensis,juvenile,N
MIZ158,0.18630137,F,Rousettus_madagascariensis,juvenile,N
MIZ163,6,F,Rousettus_madagascariensis,tooth,N
MIZ167,3,F,Rousettus_madagascariensis,tooth,N
MIZ176,0.331506849,M,Rousettus_madagascariensis,juvenile,N
MIZ193,0.624657534,F,Rousettus_madagascariensis,juvenile,N
MIZ225,0.745205479,F,Rousettus_madagascariensis,juvenile,N
MIZ231,0.745205479,F,Rousettus_madagascariensis,juvenile,N
MIZ232,0.745205479,F,Rousettus_madagascariensis,juvenile,N
MIZ233,0.745205479,M,Rousettus_madagascariensis,juvenile,N
MIZ234,0.745205479,F,Rousettus_madagascariensis,juvenile,N
MIZ243,0.747945205,M,Rousettus_madagascariensis,juvenile,N
MIZ245,0.019178082,M,Rousettus_madagascariensis,juvenile,N
MIZ248,0.019178082,M,Rousettus_madagascariensis,juvenile,N
MIZ255,0.019178082,M,Rousettus_madagascariensis,juvenile,N
MIZ256,0.019178082,M,Rousettus_madagascariensis,juvenile,N
MIZ257,0.019178082,F,Rousettus_madagascariensis,juvenile,N
MIZ258,0.019178082,M,Rousettus_madagascariensis,juvenile,N
MIZ259,0.019178082,F,Rousettus_madagascariensis,juvenile,N
MIZ262,3,F,Rousettus_madagascariensis,tooth,N
MIZ263,0.021917808,M,Rousettus_madagascariensis,juvenile,N
MIZ264,0.021917808,M,Rousettus_madagascariensis,juvenile,N
MIZ267,0.021917808,F,Rousettus_madagascariensis,juvenile,N
MIZ268,0.021917808,F,Rousettus_madagascariensis,juvenile,N
MIZ272,0.021917808,M,Rousettus_madagascariensis,juvenile,N
MIZ284,2,F,Rousettus_madagascariensis,tooth,N
MIZ286,0.057534247,M,Rousettus_madagascariensis,juvenile,N
MIZ287,0.057534247,M,Rousettus_madagascariensis,juvenile,N
MIZ288,0.057534247,F,Rousettus_madagascariensis,juvenile,N
MIZ289,0.057534247,F,Rousettus_madagascariensis,juvenile,N
MIZ290,0.057534247,F,Rousettus_madagascariensis,juvenile,N
MIZ296,0.060273973,M,Rousettus_madagascariensis,juvenile,N
MIZ337,0.076712329,F,Rousettus_madagascariensis,juvenile,N
MIZ344,0.134246575,F,Rousettus_madagascariensis,juvenile,N
MIZ345,0.134246575,F,Rousettus_madagascariensis,juvenile,N
MIZ349,0.136986301,M,Rousettus_madagascariensis,juvenile,N
MIZ364,0.136986301,M,Rousettus_madagascariensis,juvenile,N
MIZ365,0.136986301,F,Rousettus_madagascariensis,juvenile,N
MIZ370,0.136986301,M,Rousettus_madagascariensis,juvenile,N
MIZ371,0.136986301,M,Rousettus_madagascariensis,juvenile,N
MIZ372,0.197260274,F,Rousettus_madagascariensis,juvenile,N
MIZ373,0.197260274,F,Rousettus_madagascariensis,juvenile,N
MIZ374,0.197260274,M,Rousettus_madagascariensis,juvenile,N
MIZ375,0.197260274,M,Rousettus_madagascariensis,juvenile,N
MIZ376,0.197260274,M,Rousettus_madagascariensis,juvenile,N
MIZ377,0.197260274,M,Rousettus_madagascariensis,juvenile,N
MIZ378,0.197260274,F,Rousettus_madagascariensis,juvenile,N
MIZ379,0.197260274,F,Rousettus_madagascariensis,juvenile,N
MIZ380,3.666666667,F,Rousettus_madagascariensis,tooth,N
MIZ381,4,F,Rousettus_madagascariensis,tooth,N
MIZ401,0.2,M,Rousettus_madagascariensis,juvenile,N
MIZ43,0.997260274,M,Rousettus_madagascariensis,juvenile,N
MIZ48,1,M,Rousettus_madagascariensis,juvenile,N
MIZ57,1,M,Rousettus_madagascariensis,juvenile,N
MIZ64,2.5,F,Rousettus_madagascariensis,tooth,N
MIZ651,0.208219178,F,Rousettus_madagascariensis,juvenile,N
MIZ652,0.208219178,F,Rousettus_madagascariensis,juvenile,N
MIZ653,0.208219178,F,Rousettus_madagascariensis,juvenile,N
MIZ655,0.208219178,M,Rousettus_madagascariensis,juvenile,N
MIZ656,0.208219178,F,Rousettus_madagascariensis,juvenile,N
MIZ657,0.208219178,F,Rousettus_madagascariensis,juvenile,N
MIZ659,0.208219178,M,Rousettus_madagascariensis,juvenile,N
MIZ662,0.208219178,F,Rousettus_madagascariensis,juvenile,N
MIZ665,0.208219178,F,Rousettus_madagascariensis,juvenile,N
MIZ670,0.208219178,M,Rousettus_madagascariensis,juvenile,N
MIZ672,0.208219178,F,Rousettus_madagascariensis,juvenile,N
MIZ673,0.208219178,M,Rousettus_madagascariensis,juvenile,N
MIZ678,0.208219178,F,Rousettus_madagascariensis,juvenile,N
MIZ680,0.208219178,F,Rousettus_madagascariensis,juvenile,N
MIZ681,0.257534247,F,Rousettus_madagascariensis,juvenile,N
MIZ687,0.257534247,F,Rousettus_madagascariensis,juvenile,N
MIZ688,0.257534247,F,Rousettus_madagascariensis,juvenile,N
MIZ690,0.257534247,F,Rousettus_madagascariensis,juvenile,N
MIZ691,0.260273973,F,Rousettus_madagascariensis,juvenile,N
MIZ693,0.260273973,F,Rousettus_madagascariensis,juvenile,N
MIZ705,0.405479452,F,Rousettus_madagascariensis,juvenile,N
MIZ706,0.405479452,F,Rousettus_madagascariensis,juvenile,N
MIZ711,0.405479452,F,Rousettus_madagascariensis,juvenile,N
MIZ712,0.405479452,M,Rousettus_madagascariensis,juvenile,N
MIZ713,0.405479452,M,Rousettus_madagascariensis,juvenile,N
MIZ744,0.597260274,F,Rousettus_madagascariensis,juvenile,N
MIZ745,0.597260274,F,Rousettus_madagascariensis,juvenile,N
MIZ77,0.364383562,F,Rousettus_madagascariensis,juvenile,N
MIZ787,0.816438356,M,Rousettus_madagascariensis,juvenile,N
MIZ806,0.931506849,M,Rousettus_madagascariensis,juvenile,N
MIZ811,0.931506849,F,Rousettus_madagascariensis,juvenile,N
MIZ814,0.934246575,F,Rousettus_madagascariensis,juvenile,N
MIZ836,0.97260274,M,Rousettus_madagascariensis,juvenile,N
MIZ839,0.97260274,M,Rousettus_madagascariensis,juvenile,N
MIZ840,0.97260274,M,Rousettus_madagascariensis,juvenile,N
MIZ843,0.975342466,M,Rousettus_madagascariensis,juvenile,N
MIZ856,0.975342466,F,Rousettus_madagascariensis,juvenile,N
MIZ888,0.090410959,M,Rousettus_madagascariensis,juvenile,N
MIZ889,0.090410959,M,Rousettus_madagascariensis,juvenile,N
MIZ890,0.090410959,M,Rousettus_madagascariensis,juvenile,N
MIZ891,0.090410959,F,Rousettus_madagascariensis,juvenile,N
MIZ892,0.090410959,F,Rousettus_madagascariensis,juvenile,N
MIZ893,0.090410959,F,Rousettus_madagascariensis,juvenile,N
MIZ894,0.090410959,F,Rousettus_madagascariensis,juvenile,N
MIZ895,0.090410959,M,Rousettus_madagascariensis,juvenile,N
MIZ896,0.090410959,M,Rousettus_madagascariensis,juvenile,N
MIZ897,0.090410959,F,Rousettus_madagascariensis,juvenile,N
MIZ898,0.175342466,F,Rousettus_madagascariensis,juvenile,N
MIZ907,0.175342466,M,Rousettus_madagascariensis,juvenile,N
MIZ915,0.175342466,F,Rousettus_madagascariensis,juvenile,N
MIZ921,0.175342466,M,Rousettus_madagascariensis,juvenile,N
MIZ923,0.175342466,F,Rousettus_madagascariensis,juvenile,N
MIZ927,0.175342466,M,Rousettus_madagascariensis,juvenile,N
MIZ933,0.254794521,M,Rousettus_madagascariensis,juvenile,N
MIZ937,0.254794521,M,Rousettus_madagascariensis,juvenile,N
MIZ940,0.254794521,F,Rousettus_madagascariensis,juvenile,N
MIZ945,0.254794521,F,Rousettus_madagascariensis,juvenile,N
MIZ946,0.254794521,M,Rousettus_madagascariensis,juvenile,N
MIZ947,0.254794521,F,Rousettus_madagascariensis,juvenile,N
MIZ95,0.367123288,M,Rousettus_madagascariensis,juvenile,N
MIZ953,0.254794521,F,Rousettus_madagascariensis,juvenile,N
MIZ954,0.254794521,F,Rousettus_madagascariensis,juvenile,N
MIZ976,0.331506849,F,Rousettus_madagascariensis,juvenile,N
MLB001,4,F,Pteropus_rufus,tooth,N
MLB002,0.202739726,M,Pteropus_rufus,juvenile,N
MLB003,0.205479452,M,Pteropus_rufus,juvenile,N
MLB004,1,F,Pteropus_rufus,tooth,N
MLB005,5,M,Pteropus_rufus,tooth,N
MLB006,2,F,Pteropus_rufus,tooth,N
MLB007,0.216438356,F,Pteropus_rufus,juvenile,N
MLB009,2,M,Pteropus_rufus,tooth,N
MNG001,0.97260274,F,Pteropus_rufus,juvenile,N
MNG002,0.975342466,F,Pteropus_rufus,juvenile,N
MNG003,2,F,Pteropus_rufus,tooth,N
RAK13,1,M,Rousettus_madagascariensis,tooth,N
RAK14,3,M,Rousettus_madagascariensis,tooth,N
RAK3,6,M,Rousettus_madagascariensis,tooth,N
ROU10,0.632876712,M,Rousettus_madagascariensis,juvenile,N
ROU11,0.632876712,M,Rousettus_madagascariensis,juvenile,N
ROU12,1,M,Rousettus_madagascariensis,tooth,N
ROU13,0.632876712,M,Rousettus_madagascariensis,juvenile,N
ROU14,0.632876712,F,Rousettus_madagascariensis,juvenile,N
ROU15,0.632876712,F,Rousettus_madagascariensis,juvenile,N
ROU16,0.632876712,F,Rousettus_madagascariensis,juvenile,N
ROU204,0.547945205,M,Rousettus_madagascariensis,juvenile,N
ROU216,0.547945205,F,Rousettus_madagascariensis,juvenile,N
ROU226,0.553424658,F,Rousettus_madagascariensis,juvenile,N
ROU242,0.501369863,F,Rousettus_madagascariensis,juvenile,N
ROU248,0.509589041,F,Rousettus_madagascariensis,juvenile,N
ROU249,0.509589041,M,Rousettus_madagascariensis,juvenile,N
ROU251,0.509589041,M,Rousettus_madagascariensis,juvenile,N
ROU252,0.509589041,M,Rousettus_madagascariensis,juvenile,N
ROU3,0.632876712,F,Rousettus_madagascariensis,juvenile,N
ROU4,0.632876712,M,Rousettus_madagascariensis,juvenile,N
ROU5,0.632876712,M,Rousettus_madagascariensis,juvenile,N
ROU6,0.632876712,M,Rousettus_madagascariensis,juvenile,N
ROU7,0.632876712,F,Rousettus_madagascariensis,juvenile,N
ROU72,0.290410959,F,Rousettus_madagascariensis,juvenile,N
ROU8,0.632876712,F,Rousettus_madagascariensis,juvenile,N
ROU9,0.632876712,F,Rousettus_madagascariensis,juvenile,N
TSI001,2,F,Pteropus_rufus,tooth,N
TSI002,3,M,Pteropus_rufus,tooth,N
TSI003,0.712328767,F,Pteropus_rufus,juvenile,N
TSI004,1,M,Pteropus_rufus,tooth,N
TSI005,0.794520548,F,Pteropus_rufus,juvenile,N
TSI007,1,M,Pteropus_rufus,tooth,N
TSI008,4,F,Pteropus_rufus,tooth,N
TSI009,0.802739726,F,Pteropus_rufus,juvenile,N
TSI011,4,F,Pteropus_rufus,tooth,N
TSI012,2,M,Pteropus_rufus,tooth,N
TSI013,6,F,Pteropus_rufus,tooth,N
TSI014,0.808219178,M,Pteropus_rufus,juvenile,N
TSI022,2,M,Pteropus_rufus,tooth,N
TSI023,3,F,Pteropus_rufus,tooth,N
TSI025,2,F,Pteropus_rufus,tooth,N
TSI026,2,M,Pteropus_rufus,tooth,N
TSI027,3,M,Pteropus_rufus,tooth,N
TSI028,1,F,Pteropus_rufus,tooth,N
TSI029,2,M,Pteropus_rufus,tooth,N
TSI030,3,F,Pteropus_rufus,tooth,N
TSI031,0.926027397,M,Pteropus_rufus,juvenile,N
TSI032,1,M,Pteropus_rufus,tooth,N
TSI033,0.928767123,M,Pteropus_rufus,juvenile,N
TSI035,1,F,Pteropus_rufus,tooth,N
TSI036,0.994520548,M,Pteropus_rufus,juvenile,N
TSI039,0.997260274,M,Pteropus_rufus,juvenile,N
TSI040,0.997260274,F,Pteropus_rufus,juvenile,N
TSI041,0.97260274,M,Pteropus_rufus,juvenile,N
TSI042,0.997260274,M,Pteropus_rufus,juvenile,N
TSI043,0.997260274,M,Pteropus_rufus,juvenile,N
TSI045,0.010958904,F,Pteropus_rufus,juvenile,N
TSI046,2,M,Pteropus_rufus,tooth,N
TSI049,0.071232877,M,Pteropus_rufus,juvenile,N
TSI051,0.073972603,M,Pteropus_rufus,juvenile,N
TSI055,0.079452055,M,Pteropus_rufus,juvenile,N
TSI056,0.079452055,F,Pteropus_rufus,juvenile,N
TSI059,0.084931507,F,Pteropus_rufus,juvenile,N
TSI060,0.084931507,M,Pteropus_rufus,juvenile,N
TSI065,8,M,Pteropus_rufus,tooth,N
TSI066,0.405479452,F,Pteropus_rufus,juvenile,N
TSI067,7,M,Pteropus_rufus,tooth,N
TSI068,2,M,Pteropus_rufus,tooth,N
TSI069,2,M,Pteropus_rufus,tooth,N
TSI070,3,F,Pteropus_rufus,tooth,N
TSI071,0.41369863,F,Pteropus_rufus,juvenile,N
TSI073,0.416438356,M,Pteropus_rufus,juvenile,N
TSI074,2,M,Pteropus_rufus,tooth,N
TSI075,2,M,Pteropus_rufus,tooth,N
TSI079,0.432876712,M,Pteropus_rufus,juvenile,N
TSI082,0.564383562,M,Pteropus_rufus,juvenile,N
TSI083,0.567123288,F,Pteropus_rufus,juvenile,N
TSI085,0.569863014,M,Pteropus_rufus,juvenile,N
TSI087,0.57260274,M,Pteropus_rufus,juvenile,N
TSI088,0.57260274,M,Pteropus_rufus,juvenile,N
TSI090,0.580821918,M,Pteropus_rufus,juvenile,N
WAY023,0.873972603,M,Eidolon_dupreanum,juvenile,N
WAY074,3,M,Eidolon_dupreanum,tooth,N
WAY075,3,M,Eidolon_dupreanum,tooth,N
WAY076,7,M,Eidolon_dupreanum,tooth,N
WAY077,5,M,Eidolon_dupreanum,tooth,N
WAY078,1,F,Eidolon_dupreanum,tooth,N
WAY080,1,F,Eidolon_dupreanum,tooth,N
WAY082,7,F,Eidolon_dupreanum,tooth,N